{
  "branches": [
    {
      "name": "Philosophy",
      "summary": "Ethics, Logic, Metaphysics",
      "sub": [
        {
          "name": "Ethics",
          "description": "Basic to advanced ethics notes",
          "files": {
            "Basic": [
              {
                "title": "Introduction to Ethics (Basic)",
                "info": "Short notes",
                "url": "uploads/Philosophy/Ethics/Basic/ethics_basic1.pdf"
              }
            ],
            "Advanced": [
              {
                "title": "Metaethics Notes",
                "info": "Advanced",
                "url": "uploads/Philosophy/Ethics/Advanced/ethics_adv1.pdf"
              }
            ]
          }
        },
        {
          "name": "Metaphysics",
          "description": "Metaphysics overview",
          "files": {
            "Basic": [
              {
                "title": "Metaphysics Intro",
                "info": "Basic",
                "url": "uploads/Philosophy/Metaphysics/Basic/metaphysics_basic1.pdf"
              }
            ],
            "Advanced": [
              {
                "title": "Metaphysics Advanced",
                "info": "Advanced",
                "url": "uploads/Philosophy/Metaphysics/Advanced/metaphysics_adv1.pdf"
              }
            ]
          }
        },
        {
          "name": "Logic",
          "description": "Logic and reasoning",
          "files": {
            "Basic": [
              {
                "title": "Logic Basics",
                "info": "Basic",
                "url": "uploads/Philosophy/Logic/Basic/logic_basic1.pdf"
              }
            ],
            "Advanced": [
              {
                "title": "Symbolic Logic",
                "info": "Advanced",
                "url": "uploads/Philosophy/Logic/Advanced/logic_adv1.pdf"
              }
            ]
          }
        }
      ]
    },
    {
      "name": "Theology",
      "summary": "Qur'an, Hadith, Aqeedah",
      "sub": [
        {
          "name": "Quran",
          "description": "Tafsir and translations",
          "files": {
            "Basic": [
              {
                "title": "Quran Basics",
                "info": "Basic",
                "url": "uploads/Theology/Quran/Basic/quran_basic1.pdf"
              }
            ],
            "Advanced": [
              {
                "title": "Tafsir Advanced",
                "info": "Advanced",
                "url": "uploads/Theology/Quran/Advanced/quran_adv1.pdf"
              }
            ]
          }
        },
        {
          "name": "Hadith",
          "description": "Collections and sciences",
          "files": {
            "Basic": [
              {
                "title": "Hadith Intro",
                "info": "Basic",
                "url": "uploads/Theology/Hadith/Basic/hadith_basic1.pdf"
              }
            ],
            "Advanced": [
              {
                "title": "Hadith Sciences",
                "info": "Advanced",
                "url": "uploads/Theology/Hadith/Advanced/hadith_adv1.pdf"
              }
            ]
          }
        }
      ]
    },
    {
      "name": "History",
      "summary": "Ancient to Modern History",
      "sub": [
        {
          "name": "Ancient",
          "description": "Ancient civilizations",
          "files": {
            "Basic": [
              {
                "title": "Ancient Civilizations",
                "info": "Basic",
                "url": "uploads/History/Ancient/Basic/ancient_basic1.pdf"
              }
            ],
            "Advanced": [
              {
                "title": "Ancient Research",
                "info": "Advanced",
                "url": "uploads/History/Ancient/Advanced/ancient_adv1.pdf"
              }
            ]
          }
        },
        {
          "name": "Modern",
          "description": "Modern era studies",
          "files": {
            "Basic": [
              {
                "title": "Modern History Intro",
                "info": "Basic",
                "url": "uploads/History/Modern/Basic/modern_basic1.pdf"
              }
            ],
            "Advanced": [
              {
                "title": "Modern Research",
                "info": "Advanced",
                "url": "uploads/History/Modern/Advanced/modern_adv1.pdf"
              }
            ]
          }
        }
      ]
    },
    {
      "name": "Science",
      "summary": "Physics, Chemistry, Biology",
      "sub": [
        {
          "name": "Physics",
          "description": "Mechanics \u2192 Quantum \u2192 Field theory",
          "files": {
            "Basic": [
              {
                "title": "Classical Mechanics - Intro",
                "info": "Basic notes",
                "url": "uploads/Science/Physics/Basic/physics_basic1.pdf"
              }
            ],
            "Advanced": [
              {
                "title": "Quantum Field Theory - Outline",
                "info": "Advanced notes",
                "url": "uploads/Science/Physics/Advanced/physics_adv1.pdf"
              }
            ]
          }
        },
        {
          "name": "Chemistry",
          "description": "Physical & Organic Chemistry",
          "files": {
            "Basic": [
              {
                "title": "Chemistry Basics",
                "info": "Basic",
                "url": "uploads/Science/Chemistry/Basic/chem_basic1.pdf"
              }
            ],
            "Advanced": [
              {
                "title": "Organic Chemistry Advanced",
                "info": "Advanced",
                "url": "uploads/Science/Chemistry/Advanced/chem_adv1.pdf"
              }
            ]
          }
        },
        {
          "name": "Biology",
          "description": "Cell & Molecular Biology",
          "files": {
            "Basic": [
              {
                "title": "Biology Basics",
                "info": "Basic",
                "url": "uploads/Science/Biology/Basic/bio_basic1.pdf"
              }
            ],
            "Advanced": [
              {
                "title": "Molecular Biology Advanced",
                "info": "Advanced",
                "url": "uploads/Science/Biology/Advanced/bio_adv1.pdf"
              }
            ]
          }
        }
      ]
    }
  ]
}